{"polinom": [-0.29397775088191996, -0.3411064174001473, -0.1682463209242032, 0.02426095800576537, -0.1836696054834369, 0.004310565391217903, 0.2736273835152173, 0.6010457969302784, 0.4811727637494804, 1.0], "center": [-2.344131557898372, 1.6643412127705477, 5.461591842087687], "semiaxes": [10.435448560890645, 3.0422196436237545, 3.4449732145047673], "rot": [[-0.5827205245597734, -0.7932649666220217, 0.1765431476635257], [-0.03493491352623713, 0.24148849051497445, 0.9697746443198613], [0.8119213890973047, -0.5589400698455621, 0.16843294288036761]]}