{"polinom": [-0.5323575938151399, -0.5121236995107231, -0.4423241927396567, 0.1456143741186307, -0.027810261276249398, 0.12726288200009295, 0.7456761781167714, 0.8602815327842277, -0.6412294341873587, -1.0], "center": [1.999999999999975, 1.9999999999998785, -1.000000000000067], "semiaxes": [2.000000000000042, 2.50000000000001, 2.9999999999998557], "rot": [[0.6136010473465672, -0.6886142636364355, 0.3863989526534019], [-0.6886142636363781, -0.22720209469309469, 0.6886142636364705], [0.38639895265350377, 0.6886142636364134, 0.6136010473465274]]}