{"polinom": [-0.32397939670835607, -0.30638399493284363, -0.1692449445579767, 0.008058819729457026, -0.02223995382987136, -0.057204533319518115, 0.6096012001279268, 0.5394458170872551, -0.01035597025919776, -1.0], "center": [2.0000000000000004, 2.0000000000000004, -1.0000000000000002], "semiaxes": [3.0000000000000004, 2.0000000000000004, 2.000000000000001], "rot": [[-0.13130314222937756, -0.9913422642259795, 0.6421087829249961], [-0.3377315902755759, 0.04473250120929158, 0.6873308492532798], [0.9320390859672263, -0.12344844468387954, 0.3395182094606199]]}